Mentored,MT1 %,MT2 %,difference
FALSE,70,40,-30
FALSE,71.25,70,-1.25
FALSE,58.75,27,-31.75
TRUE,61.25,45,-16.25
TRUE,71.25,71,-0.25
TRUE,56.25,56,-0.25
FALSE,60,45,-15
TRUE,72.5,72,-0.5
FALSE,48.75,40,-8.75
TRUE,48.75,40,-8.75
FALSE,72.5,59,-13.5
TRUE,58.75,32,-26.75
FALSE,83.75,81,-2.75
TRUE,57.5,63,5.5
TRUE,62.5,70,7.5
FALSE,87.5,92,4.5
TRUE,57.5,60,2.5
FALSE,67.5,63,-4.5
FALSE,77.5,87,9.5
FALSE,50,28,-22
TRUE,65,69,4
FALSE,86.25,98,11.75
FALSE,91.25,99,7.75
TRUE,38.75,23,-15.75
FALSE,52.5,34,-18.5
FALSE,55,41,-14
TRUE,62.5,54,-8.5
TRUE,75,66,-9
FALSE,95,92,-3
TRUE,73.75,85,11.25
TRUE,70,54.5,-15.5
TRUE,46.25,31,-15.25
FALSE,73.75,82,8.25
FALSE,82.5,69,-13.5
TRUE,70,42,-28
FALSE,42.5,46,3.5
FALSE,81.25,85,3.75
FALSE,70,44,-26
FALSE,73.75,96,22.25
FALSE,72.5,63,-9.5
TRUE,75,29,-46
FALSE,91.25,85,-6.25
TRUE,80,75,-5
FALSE,56.25,62,5.75
FALSE,75,67,-8
FALSE,80,87,7
FALSE,70,76,6
TRUE,68.75,66,-2.75
FALSE,70,70,0
FALSE,58.75,65,6.25
FALSE,70,71,1
FALSE,62.5,48,-14.5
TRUE,67.5,85,17.5
FALSE,58.75,50,-8.75
FALSE,86.25,75,-11.25
FALSE,76.25,50,-26.25
FALSE,71.25,49,-22.25
FALSE,82.5,72,-10.5
TRUE,68.75,62,-6.75
FALSE,80,94,14
TRUE,23.75,17,-6.75
TRUE,80,63,-17
TRUE,73.75,66,-7.75
TRUE,75,77,2
FALSE,46.25,12,-34.25
FALSE,86.25,94,7.75
FALSE,77.5,82,4.5
FALSE,68.75,71,2.25
TRUE,78.75,90,11.25
FALSE,87.5,60,-27.5
FALSE,90,44,-46
FALSE,58.75,43.5,-15.25
FALSE,70,58,-12
FALSE,66.25,48,-18.25
TRUE,63.75,53,-10.75
TRUE,55,37,-18
FALSE,88.75,75,-13.75
FALSE,75,64,-11
FALSE,73.75,55,-18.75
TRUE,61.25,51,-10.25
TRUE,61.25,49,-12.25
FALSE,70,66,-4
FALSE,97.5,74,-23.5
FALSE,66.25,44,-22.25
FALSE,85,93,8
TRUE,85,91,6
FALSE,93.75,76,-17.75
FALSE,35,21,-14
TRUE,82.5,76,-6.5
TRUE,81.25,55,-26.25
TRUE,60,63,3
TRUE,43.75,19,-24.75
FALSE,87.5,85,-2.5
TRUE,65,70,5
FALSE,90,69,-21
TRUE,90,86,-4
FALSE,77.5,79,1.5
FALSE,98.75,95,-3.75
FALSE,91.25,90,-1.25
FALSE,75,60,-15
FALSE,78.75,92,13.25
FALSE,35,28,-7
FALSE,86.25,97,10.75
FALSE,78.75,89,10.25
TRUE,77.5,91,13.5
FALSE,45,28,-17
FALSE,77.5,66,-11.5
TRUE,67.5,70,2.5
FALSE,76.25,73,-3.25
FALSE,77.5,74,-3.5
TRUE,78.75,87,8.25
FALSE,73.75,79,5.25
TRUE,85,78,-7
FALSE,68.75,60,-8.75
FALSE,72.5,74,1.5
FALSE,32.5,18,-14.5
FALSE,37.5,26,-11.5
FALSE,58.75,37,-21.75
FALSE,90,72,-18
FALSE,83.75,74,-9.75
FALSE,30,18,-12
TRUE,37.5,33,-4.5
FALSE,48.75,43,-5.75
TRUE,72.5,66,-6.5
FALSE,42.5,11,-31.5
FALSE,85,84,-1
FALSE,88.75,73,-15.75
FALSE,73.75,55,-18.75
TRUE,32.5,45,12.5
TRUE,61.25,56,-5.25
TRUE,57.5,49,-8.5
TRUE,77.5,70,-7.5
FALSE,83.75,66,-17.75
FALSE,93.75,85,-8.75
TRUE,48.75,49,0.25
FALSE,66.25,47,-19.25
FALSE,95,90,-5
FALSE,76.25,73,-3.25
TRUE,58.75,35,-23.75
TRUE,58.75,53,-5.75
TRUE,67.5,47,-20.5
TRUE,77.5,60,-17.5
TRUE,70,60,-10
FALSE,56.25,46,-10.25
TRUE,33.75,19,-14.75
FALSE,71.25,63,-8.25
FALSE,86.25,92,5.75
TRUE,65,74,9
TRUE,47.5,51,3.5
FALSE,77.5,88,10.5
TRUE,61.25,42,-19.25
FALSE,66.25,48,-18.25
FALSE,25,11,-14
FALSE,61.25,56,-5.25
FALSE,90,85,-5
FALSE,83.75,78,-5.75
FALSE,58.75,38,-20.75
FALSE,62.5,42,-20.5
FALSE,68.75,80,11.25
FALSE,76.25,87,10.75
FALSE,76.25,68,-8.25
FALSE,70,43,-27
TRUE,75,44,-31
TRUE,32.5,19,-13.5
TRUE,73.75,70,-3.75
FALSE,78.75,81,2.25
FALSE,78.75,95,16.25
FALSE,41.25,12,-29.25
FALSE,100,87,-13
FALSE,65,69,4
FALSE,80,88,8
FALSE,81.25,69,-12.25
FALSE,66.25,61,-5.25
FALSE,82.5,60,-22.5
FALSE,78.75,73,-5.75
FALSE,75,82,7
FALSE,61.25,37,-24.25
TRUE,56.25,68,11.75
FALSE,86.25,91,4.75
FALSE,73.75,72,-1.75
TRUE,85,73,-12
TRUE,63.75,43,-20.75
FALSE,93.75,87,-6.75
FALSE,58.75,71,12.25
FALSE,70,60,-10
FALSE,76.25,75,-1.25
TRUE,61.25,60,-1.25
FALSE,38.75,24,-14.75
FALSE,93.75,94,0.25
FALSE,38.75,25,-13.75
FALSE,52.5,32,-20.5
FALSE,87.5,74,-13.5
FALSE,78.75,64,-14.75
TRUE,60,72,12
TRUE,77.5,61,-16.5
FALSE,62.5,47,-15.5
FALSE,42.5,51,8.5
TRUE,71.25,60,-11.25
TRUE,68.75,81,12.25
TRUE,83.75,80,-3.75
TRUE,83.75,71,-12.75
TRUE,38.75,24,-14.75
FALSE,80,81,1
FALSE,61.25,47,-14.25
FALSE,68.75,52,-16.75
TRUE,30,47,17
FALSE,85,95,10
FALSE,97.5,84,-13.5
FALSE,46.25,33,-13.25
FALSE,63.75,66,2.25
FALSE,97.5,92,-5.5
TRUE,70,63.5,-6.5
TRUE,56.25,71,14.75
FALSE,96.25,95,-1.25
FALSE,73.75,50,-23.75
FALSE,51.25,57,5.75
TRUE,65,52,-13
FALSE,86.25,84,-2.25
TRUE,56.25,52,-4.25
FALSE,96.25,84,-12.25
FALSE,73.75,77,3.25
FALSE,65,45,-20
TRUE,75,75,0
FALSE,76.25,68,-8.25
FALSE,93.75,71,-22.75
FALSE,100,96,-4
FALSE,100,97,-3
FALSE,78.75,85,6.25
FALSE,85,77,-8
FALSE,98.75,72,-26.75
FALSE,32.5,25,-7.5
TRUE,91.25,88,-3.25
FALSE,88.75,85,-3.75
FALSE,61.25,26,-35.25
FALSE,92.5,82,-10.5
FALSE,60,40,-20
FALSE,75,84,9
FALSE,81.25,85,3.75
FALSE,37.5,26,-11.5
FALSE,63.75,72,8.25
TRUE,56.25,52,-4.25
FALSE,68.75,70,1.25
FALSE,45,69,24
FALSE,75,30,-45
FALSE,62.5,51,-11.5
FALSE,53.75,20,-33.75
FALSE,96.25,94,-2.25
TRUE,58.75,56,-2.75
FALSE,65,43,-22
FALSE,95,97,2
FALSE,71.25,84,12.75
FALSE,76.25,44,-32.25
TRUE,17.5,4,-13.5
TRUE,62.5,51,-11.5
FALSE,48.75,28,-20.75
TRUE,72.5,68,-4.5
FALSE,93.75,62,-31.75
TRUE,62.5,42,-20.5
FALSE,86.25,77,-9.25
TRUE,52.5,66,13.5
FALSE,60,66,6
FALSE,65,54,-11
FALSE,72.5,94,21.5
FALSE,62.5,59,-3.5
FALSE,51.25,53,1.75
FALSE,77.5,37,-40.5
FALSE,95,83,-12
FALSE,56.25,10,-46.25
FALSE,60,34,-26
FALSE,67.5,53,-14.5
FALSE,77.5,46,-31.5
FALSE,70,42,-28
TRUE,81.25,74,-7.25
FALSE,55,48,-7
FALSE,97.5,83,-14.5
FALSE,85,81,-4
TRUE,70,42,-28
FALSE,65,84,19
FALSE,92.5,86,-6.5
TRUE,85,95,10
TRUE,77.5,71,-6.5
TRUE,52.5,42,-10.5
FALSE,83.75,100,16.25
FALSE,67.5,55,-12.5
TRUE,60,74,14
FALSE,71.25,65,-6.25
TRUE,70,40.5,-29.5
FALSE,80,75,-5
TRUE,63.75,58,-5.75
TRUE,65,42,-23
FALSE,67.5,36,-31.5
FALSE,36.25,3,-33.25
FALSE,57.5,73,15.5
TRUE,51.25,53,1.75
TRUE,81.25,35,-46.25
TRUE,83.75,56,-27.75
FALSE,95,91,-4
FALSE,81.25,66,-15.25
TRUE,52.5,27,-25.5
TRUE,53.75,62,8.25
FALSE,68.75,45,-23.75
FALSE,87.5,78,-9.5
FALSE,81.25,62,-19.25
FALSE,87.5,80,-7.5
TRUE,63.75,42,-21.75
TRUE,43.75,42,-1.75
FALSE,98.75,93,-5.75
TRUE,73.75,84,10.25
FALSE,83.75,90,6.25
TRUE,71.25,46,-25.25
TRUE,93.75,86,-7.75
TRUE,70,57,-13
FALSE,41.25,15,-26.25
TRUE,52.5,45,-7.5
TRUE,68.75,84,15.25
FALSE,88.75,79,-9.75
FALSE,96.25,88,-8.25
FALSE,75,85,10
FALSE,83.75,60,-23.75
FALSE,68.75,35,-33.75
FALSE,55,28,-27
FALSE,91.25,78,-13.25
TRUE,67.5,82,14.5
TRUE,52.5,64,11.5
FALSE,65,79,14
FALSE,86.25,89,2.75
FALSE,77.5,44,-33.5
FALSE,58.75,48,-10.75
FALSE,72.5,62,-10.5
FALSE,56.25,27,-29.25
FALSE,83.75,68,-15.75
TRUE,46.25,43,-3.25
FALSE,72.5,52,-20.5
TRUE,83.75,60,-23.75
FALSE,60,39,-21
TRUE,71.25,54.5,-16.75
FALSE,93.75,73,-20.75
FALSE,95,98,3
TRUE,53.75,35,-18.75
FALSE,100,98,-2
TRUE,83.75,82,-1.75
FALSE,86.25,66,-20.25
TRUE,70,66,-4
FALSE,72.5,43,-29.5
FALSE,80,59,-21
TRUE,32.5,25,-7.5
TRUE,70,50,-20
FALSE,73.75,71,-2.75
FALSE,52.5,61,8.5
FALSE,63.75,73,9.25
FALSE,80,49,-31
TRUE,62.5,46,-16.5
FALSE,51.25,24,-27.25
FALSE,82.5,79,-3.5
FALSE,95,87,-8
FALSE,75,73,-2
TRUE,75,73,-2
FALSE,60,64,4
FALSE,87.5,84,-3.5
FALSE,97.5,96,-1.5
FALSE,61.25,64,2.75
TRUE,92.5,81,-11.5
FALSE,60,58,-2
FALSE,78.75,68,-10.75
TRUE,55,39,-16
FALSE,91.25,83,-8.25
FALSE,65,54,-11
FALSE,66.25,75,8.75
FALSE,61.25,52,-9.25
FALSE,76.25,70,-6.25
TRUE,68.75,71,2.25
FALSE,71.25,67,-4.25
FALSE,58.75,46,-12.75
TRUE,66.25,57,-9.25
TRUE,37.5,15,-22.5
FALSE,82.5,57,-25.5
TRUE,62.5,47,-15.5
FALSE,93.75,99,5.25
TRUE,60,55,-5
TRUE,42.5,10,-32.5
FALSE,65,37,-28
FALSE,92.5,80,-12.5
FALSE,91.25,53,-38.25
TRUE,68.75,77,8.25
FALSE,81.25,90,8.75
TRUE,65,81,16
FALSE,63.75,60,-3.75
FALSE,53.75,50,-3.75
TRUE,95,87,-8
TRUE,81.25,96,14.75
FALSE,62.5,49,-13.5
FALSE,58.75,35,-23.75
TRUE,72.5,62,-10.5
FALSE,76.25,67,-9.25
FALSE,66.25,65,-1.25
FALSE,56.25,74,17.75
FALSE,70,60,-10
FALSE,80,96,16
TRUE,70,78,8
FALSE,73.75,69,-4.75
TRUE,91.25,86,-5.25
FALSE,70,59,-11
FALSE,66.25,77,10.75
TRUE,71.25,48,-23.25
FALSE,93.75,83,-10.75
TRUE,66.25,43,-23.25
TRUE,75,63,-12
FALSE,86.25,84,-2.25
FALSE,67.5,56,-11.5
FALSE,62.5,36,-26.5
TRUE,66.25,43,-23.25
TRUE,81.25,87,5.75
FALSE,56.25,33,-23.25
TRUE,68.75,60,-8.75
TRUE,76.25,78,1.75
FALSE,72.5,35,-37.5
FALSE,62.5,57,-5.5
TRUE,75,86,11
FALSE,73.75,68,-5.75
TRUE,23.75,25,1.25
FALSE,48.75,36,-12.75
FALSE,47.5,30,-17.5
FALSE,73.75,95,21.25
FALSE,83.75,67,-16.75
FALSE,55,80,25
TRUE,67.5,76,8.5
FALSE,70,87,17
FALSE,78.75,83,4.25
FALSE,76.25,84,7.75
TRUE,71.25,42,-29.25
FALSE,73.75,63,-10.75
FALSE,95,83,-12
FALSE,25,17,-8
TRUE,50,47,-3
FALSE,83.75,92,8.25
FALSE,72.5,59,-13.5
TRUE,82.5,96,13.5
FALSE,76.25,74,-2.25
TRUE,65,31,-34
FALSE,58.75,68,9.25
FALSE,80,57,-23
FALSE,92.5,77,-15.5
FALSE,90,93,3
FALSE,42.5,35,-7.5
FALSE,65,73,8
TRUE,62.5,46,-16.5
FALSE,88.75,62,-26.75
FALSE,86.25,87,0.75
FALSE,100,96,-4
FALSE,78.75,68,-10.75
TRUE,57.5,34,-23.5
FALSE,81.25,46,-35.25
FALSE,70,75,5
TRUE,80,64.5,-15.5
FALSE,100,86,-14
FALSE,48.75,22,-26.75
FALSE,87.5,95,7.5
FALSE,90,82,-8
TRUE,73.75,66,-7.75
TRUE,77.5,78,0.5
TRUE,83.75,90,6.25
FALSE,71.25,30,-41.25
FALSE,100,91,-9
TRUE,77.5,78,0.5
FALSE,83.75,78,-5.75
FALSE,67.5,73,5.5
FALSE,90,79,-11
TRUE,76.25,80,3.75
FALSE,63.75,49,-14.75
FALSE,80,76,-4
TRUE,45,25,-20
TRUE,37.5,29,-8.5
FALSE,93.75,99,5.25
FALSE,91.25,73,-18.25
FALSE,72.5,79,6.5
FALSE,41.25,17,-24.25
FALSE,58.75,39,-19.75
FALSE,75,55,-20
TRUE,61.875,49,-12.875
FALSE,58.75,62,3.25
FALSE,87.5,95,7.5
FALSE,81.25,88,6.75
FALSE,70,46.5,-23.5
FALSE,68.75,49,-19.75
TRUE,75,57,-18
TRUE,87.5,87,-0.5
FALSE,66.25,47,-19.25
TRUE,71.25,81,9.75
FALSE,93.75,93,-0.75
TRUE,88.75,79,-9.75
FALSE,71.25,37,-34.25
TRUE,73.75,82,8.25
FALSE,57.5,34,-23.5
TRUE,86.25,68,-18.25
FALSE,80,82,2
FALSE,40,8.5,-31.5
TRUE,61.25,71,9.75
FALSE,65,77,12
TRUE,58.75,51,-7.75
FALSE,97.5,80,-17.5
FALSE,86.25,83,-3.25
FALSE,73.75,72,-1.75
FALSE,68.75,56,-12.75
FALSE,78.75,74,-4.75
FALSE,42.5,35,-7.5
FALSE,63.75,22,-41.75
FALSE,96.25,89,-7.25
FALSE,83.75,75,-8.75
FALSE,76.25,50,-26.25
FALSE,63.75,56,-7.75
FALSE,58.75,50,-8.75
FALSE,78.75,97,18.25
FALSE,68.75,38,-30.75
FALSE,86.25,97,10.75
FALSE,72.5,54,-18.5
TRUE,46.25,36,-10.25
FALSE,76.25,74,-2.25
FALSE,68.75,67,-1.75
TRUE,80,82,2
FALSE,58.75,44,-14.75
TRUE,77.5,72,-5.5
FALSE,72.5,66,-6.5
FALSE,48.75,14,-34.75
TRUE,76.25,75,-1.25
TRUE,60,48,-12
FALSE,91.25,79,-12.25
FALSE,67.5,55,-12.5
FALSE,100,98,-2
TRUE,56.25,46,-10.25
FALSE,98.75,72,-26.75
FALSE,93.75,99,5.25
FALSE,43.75,53,9.25
FALSE,48.75,28,-20.75
TRUE,61.25,39,-22.25
TRUE,88.75,92,3.25
FALSE,75,82,7
TRUE,53.75,53,-0.75
FALSE,62.5,47,-15.5
TRUE,57.5,66,8.5
FALSE,86.25,59,-27.25
TRUE,72.5,49,-23.5
TRUE,43.75,23,-20.75
FALSE,68.75,67,-1.75
TRUE,46.25,39,-7.25
FALSE,92.5,96,3.5
TRUE,78.75,56,-22.75
TRUE,87.5,84,-3.5
FALSE,93.75,94,0.25
FALSE,66.25,44,-22.25
FALSE,77.5,66,-11.5
FALSE,56.25,42,-14.25
FALSE,92.5,91,-1.5
FALSE,75,84,9
FALSE,83.75,68,-15.75
TRUE,76.25,38,-38.25
FALSE,93.75,87,-6.75
FALSE,46.25,25,-21.25
FALSE,86.25,85,-1.25
FALSE,90,90,0
FALSE,100,92,-8
TRUE,58.75,34,-24.75
TRUE,62.5,64,1.5
FALSE,65,55,-10
TRUE,42.5,17,-25.5
TRUE,76.25,57,-19.25
TRUE,70,82,12
TRUE,78.75,85,6.25
FALSE,41.25,27,-14.25
TRUE,53.75,45,-8.75
TRUE,40,34,-6
FALSE,43.75,26,-17.75
FALSE,81.25,67,-14.25
FALSE,97.5,92,-5.5
TRUE,57.5,56,-1.5
FALSE,75,68,-7
TRUE,98.75,68,-30.75
TRUE,47.5,53,5.5
FALSE,68.75,70,1.25
FALSE,95,88,-7
FALSE,80,79,-1
FALSE,82.5,68,-14.5
FALSE,62.5,51,-11.5
FALSE,97.5,96,-1.5
TRUE,53.75,46,-7.75
FALSE,95,78,-17
FALSE,51.25,13.5,-37.75
FALSE,57.5,76,18.5
TRUE,48.75,40,-8.75
FALSE,83.75,85,1.25
FALSE,97.5,88,-9.5
FALSE,97.5,75,-22.5
FALSE,66.25,51,-15.25
FALSE,73.75,77,3.25
FALSE,51.25,16,-35.25
FALSE,43.75,23,-20.75
TRUE,72.5,88,15.5
FALSE,90,67,-23
FALSE,50,31,-19
FALSE,85,71,-14
TRUE,55,56,1
FALSE,85,86,1
TRUE,90,88,-2
TRUE,72.5,86,13.5
FALSE,78.75,74,-4.75
FALSE,42.5,55,12.5
FALSE,31.25,67,35.75
FALSE,77.5,53,-24.5
FALSE,58.75,49,-9.75
FALSE,92.5,79,-13.5
FALSE,60,45,-15
FALSE,67.5,74,6.5
FALSE,67.5,65,-2.5
FALSE,28.75,18,-10.75
TRUE,48.75,32,-16.75
FALSE,83.75,95,11.25
TRUE,61.25,42,-19.25
FALSE,81.25,91,9.75
FALSE,91.25,90,-1.25
TRUE,80,81,1
FALSE,30,25,-5
TRUE,26.25,38,11.75
FALSE,35,42,7
FALSE,93.75,73,-20.75
FALSE,95,91,-4
TRUE,68.75,73,4.25
FALSE,91.25,93,1.75
FALSE,70,47,-23
FALSE,90,88,-2
FALSE,80,76,-4
FALSE,85,97,12
TRUE,82.5,83,0.5
TRUE,55,47,-8
FALSE,62.5,34,-28.5
FALSE,75,74,-1
TRUE,45,43,-2
FALSE,68.75,68,-0.75
FALSE,83.75,71,-12.75
FALSE,96.25,98,1.75
FALSE,73.75,42,-31.75
FALSE,51.25,35,-16.25
FALSE,31.25,20,-11.25
FALSE,80,68,-12
TRUE,71.25,52,-19.25
FALSE,65,68,3
FALSE,86.25,86,-0.25
FALSE,93.75,94,0.25
TRUE,65,36,-29
FALSE,43.75,17,-26.75
TRUE,66.25,75,8.75
TRUE,71.25,80,8.75
TRUE,58.75,51,-7.75
TRUE,65,42,-23
TRUE,57.5,46,-11.5
FALSE,70,80,10
FALSE,72.5,78,5.5
TRUE,67.5,33,-34.5
FALSE,72.5,64,-8.5
TRUE,51.25,25,-26.25
FALSE,83.75,95,11.25
FALSE,76.25,76,-0.25
FALSE,81.25,82,0.75
TRUE,78.75,82,3.25
FALSE,78.75,85,6.25
FALSE,51.25,33,-18.25
FALSE,85,92,7
TRUE,60,59,-1
TRUE,46.25,40,-6.25
TRUE,58.75,34,-24.75
FALSE,81.25,66,-15.25
TRUE,55,54,-1
FALSE,90,87,-3
TRUE,66.25,27,-39.25
FALSE,71.25,50,-21.25
FALSE,71.25,49,-22.25
TRUE,51.25,46,-5.25
TRUE,85,80,-5
FALSE,56.25,45.5,-10.75
TRUE,75,79,4
FALSE,90,75.5,-14.5
TRUE,56.25,44,-12.25
TRUE,71.25,68,-3.25
TRUE,51.25,31,-20.25
TRUE,65,69,4
FALSE,92.5,97,4.5
FALSE,90,70,-20
TRUE,57.5,46.5,-11
TRUE,78.75,80,1.25
TRUE,93.75,84,-9.75
FALSE,80,77,-3
FALSE,66.25,54,-12.25
TRUE,77.5,59,-18.5
FALSE,93.75,81,-12.75
FALSE,50,19,-31
FALSE,33.75,16,-17.75
TRUE,61.25,18,-43.25
FALSE,76.25,49,-27.25
FALSE,76.25,82,5.75
FALSE,58.75,14,-44.75
FALSE,80,87,7
FALSE,98.75,82,-16.75
TRUE,26.25,20,-6.25
FALSE,31.25,33,1.75
FALSE,77.5,68,-9.5
TRUE,43.75,31,-12.75
FALSE,90,72,-18
FALSE,66.25,66,-0.25
FALSE,97.5,91,-6.5
FALSE,60,43,-17
FALSE,67.5,41,-26.5
FALSE,80,88,8
FALSE,67.5,59,-8.5
FALSE,77.5,86,8.5
TRUE,42.5,23,-19.5
FALSE,100,99,-1
FALSE,66.25,62,-4.25
TRUE,62.5,57,-5.5
FALSE,67.5,82,14.5
FALSE,68.75,48,-20.75
FALSE,93.75,82,-11.75
TRUE,67.5,48,-19.5
TRUE,65,78,13
FALSE,83.75,77,-6.75
FALSE,37.5,39,1.5
TRUE,35,60,25
TRUE,80,92,12
TRUE,71.25,86,14.75
FALSE,77.5,74,-3.5
TRUE,51.25,52,0.75
FALSE,38.75,19,-19.75
FALSE,65,48,-17
FALSE,47.5,8,-39.5
FALSE,97.5,85,-12.5
TRUE,80,78,-2
FALSE,71.25,60,-11.25
FALSE,68.75,45,-23.75
TRUE,55,86,31
FALSE,100,97,-3
FALSE,80,81,1
FALSE,62.5,28,-34.5
FALSE,71.25,71,-0.25
FALSE,58.75,61,2.25
FALSE,83.75,89,5.25
FALSE,91.25,95,3.75
FALSE,78.75,79,0.25
FALSE,83.75,70,-13.75
FALSE,63.75,44,-19.75
FALSE,100,88,-12
FALSE,75,60,-15
FALSE,67.5,75,7.5
FALSE,85,90,5
FALSE,61.25,20,-41.25
TRUE,60,40,-20
FALSE,72.5,52,-20.5
FALSE,96.25,71,-25.25
FALSE,62.5,86,23.5
FALSE,56.25,25,-31.25
TRUE,46.25,43,-3.25
TRUE,71.25,63,-8.25
FALSE,58.75,19,-39.75
TRUE,31.25,13.5,-17.75
FALSE,85,73,-12
TRUE,61.25,86,24.75
FALSE,45,29,-16
FALSE,95,92,-3
FALSE,68.75,80,11.25
FALSE,71.25,58,-13.25
FALSE,86.25,67,-19.25
FALSE,100,92,-8
FALSE,36.25,29,-7.25
TRUE,40,38,-2
TRUE,5,5,0
FALSE,62.5,44,-18.5
FALSE,100,66,-34
FALSE,65,31,-34
FALSE,72.5,59,-13.5
FALSE,61.25,45,-16.25
TRUE,36.25,51,14.75
FALSE,96.25,95,-1.25
FALSE,80,93,13
FALSE,88.75,81,-7.75
TRUE,67.5,76,8.5
TRUE,62.5,62,-0.5
FALSE,62.5,50,-12.5
FALSE,67.5,58,-9.5
TRUE,38.75,22,-16.75
FALSE,41.25,26,-15.25
FALSE,78.75,60,-18.75
FALSE,75,77,2
FALSE,66.25,51,-15.25
TRUE,60,89,29
FALSE,75,75,0
FALSE,92.5,96,3.5
FALSE,68.75,57,-11.75
TRUE,65,71,6
FALSE,57.5,54,-3.5
FALSE,98.75,100,1.25
TRUE,85,90,5
TRUE,72.5,68,-4.5
FALSE,77.5,49.5,-28
TRUE,46.25,28,-18.25
FALSE,71.25,94,22.75
FALSE,81.25,89,7.75
FALSE,92.5,89,-3.5
FALSE,77.5,83,5.5
FALSE,67.5,74,6.5
FALSE,88.75,58,-30.75
TRUE,71.25,63,-8.25
FALSE,66.25,54,-12.25
FALSE,53.75,32,-21.75
TRUE,63.75,37,-26.75
FALSE,75,68,-7
FALSE,91.25,96,4.75
TRUE,68.75,31,-37.75
TRUE,56.25,30,-26.25
FALSE,48.75,28,-20.75
FALSE,66.25,68,1.75
TRUE,85,91,6
FALSE,77.5,57,-20.5
FALSE,71.25,63,-8.25
FALSE,36.25,37,0.75
TRUE,67.5,61,-6.5
FALSE,25,15,-10
FALSE,87.5,84,-3.5
FALSE,66.25,44,-22.25
FALSE,80,68,-12
FALSE,71.25,48,-23.25
FALSE,91.25,80,-11.25
FALSE,41.25,70,28.75
TRUE,58.75,51,-7.75
TRUE,23.75,36,12.25
FALSE,72.5,78,5.5
TRUE,61.25,72,10.75
FALSE,85,66,-19
TRUE,21.25,8,-13.25
TRUE,77.5,70,-7.5
TRUE,50,24,-26
FALSE,65,67,2
FALSE,86.25,94,7.75
FALSE,95,96,1
TRUE,90,91,1
TRUE,46.25,46,-0.25
TRUE,86.25,76,-10.25
FALSE,90,75,-15
FALSE,80,75,-5
FALSE,66.25,36,-30.25
FALSE,58.75,64,5.25
FALSE,82.5,75,-7.5
FALSE,90,88,-2
FALSE,100,87,-13
FALSE,77.5,87,9.5
FALSE,76.25,43,-33.25
FALSE,96.25,88,-8.25
FALSE,77.5,65,-12.5
TRUE,42.5,20,-22.5
TRUE,60,53,-7
FALSE,27.5,20,-7.5
FALSE,72.5,70,-2.5
FALSE,75,56,-19
FALSE,95,91,-4
FALSE,73.75,72,-1.75
TRUE,38.75,28,-10.75
FALSE,80,63,-17
FALSE,76.25,69,-7.25
FALSE,82.5,76,-6.5
TRUE,46.25,41,-5.25
FALSE,92.5,83,-9.5
FALSE,78.75,65,-13.75
TRUE,60,52,-8
FALSE,61.25,68,6.75
FALSE,71.25,62,-9.25
FALSE,40,48,8
FALSE,60,23,-37
TRUE,85,77,-8
FALSE,100,82,-18
FALSE,66.25,22,-44.25
FALSE,63.75,17,-46.75
FALSE,42.5,18,-24.5
FALSE,63.75,52,-11.75
FALSE,86.25,80,-6.25
FALSE,78.75,75,-3.75
TRUE,62.5,54,-8.5
FALSE,65,47,-18
FALSE,95,78,-17
FALSE,81.25,70,-11.25
TRUE,31.25,25,-6.25
FALSE,85,72,-13
TRUE,73.75,68,-5.75
FALSE,32.5,23,-9.5
FALSE,22.5,20,-2.5
FALSE,98.75,96,-2.75
TRUE,53.75,41.5,-12.25
FALSE,72.5,91,18.5
TRUE,62.5,44,-18.5
FALSE,47.5,29,-18.5
FALSE,83.75,92,8.25
TRUE,25,15,-10
TRUE,65,46,-19
FALSE,85,85,0
FALSE,71.25,36,-35.25
FALSE,68.75,50,-18.75
FALSE,58.75,53,-5.75
FALSE,68.75,70,1.25
FALSE,57.5,48,-9.5
FALSE,78.75,90,11.25
FALSE,96.25,94,-2.25
TRUE,60,58,-2
TRUE,26.25,24.5,-1.75
FALSE,92.5,89,-3.5
TRUE,87.5,95,7.5
FALSE,90,67,-23
FALSE,72.5,44,-28.5
TRUE,65,75,10
TRUE,65,80,15
TRUE,60,66,6
TRUE,45,29,-16
FALSE,86.25,58,-28.25
FALSE,90,87,-3
FALSE,82.5,62,-20.5
TRUE,55,69,14
TRUE,80,62,-18
TRUE,47.5,45,-2.5
TRUE,60,69,9
TRUE,67.5,56,-11.5
TRUE,52.5,48,-4.5
TRUE,37.5,31,-6.5
FALSE,80,74,-6
TRUE,68.75,72,3.25
FALSE,72.5,71,-1.5
TRUE,76.25,68,-8.25
TRUE,50,37,-13
FALSE,71.25,82,10.75
TRUE,48.75,40,-8.75
FALSE,76.25,82,5.75
FALSE,63.75,43,-20.75
FALSE,78.75,99,20.25
TRUE,80,69,-11
TRUE,65,65,0
FALSE,31.25,15,-16.25
FALSE,97.5,97,-0.5
FALSE,72.5,81,8.5
FALSE,78.75,62,-16.75
TRUE,58.75,58,-0.75
FALSE,85,81,-4
FALSE,47.5,29,-18.5
FALSE,68.75,88,19.25
TRUE,83.75,88,4.25
TRUE,65,66,1
FALSE,67.5,30,-37.5
TRUE,70,68,-2
FALSE,88.75,85,-3.75
FALSE,76.25,51,-25.25
FALSE,91.25,83,-8.25
FALSE,88.75,72,-16.75
FALSE,56.25,25,-31.25
FALSE,60,37,-23
TRUE,67.5,61,-6.5
FALSE,92.5,81,-11.5
FALSE,53.75,39,-14.75
FALSE,95,89,-6
FALSE,71.25,40,-31.25
FALSE,65,60,-5
TRUE,25,34,9
FALSE,63.75,59,-4.75
TRUE,55,67,12
FALSE,92.5,83,-9.5
FALSE,60,44,-16
TRUE,58.75,53,-5.75
FALSE,80,69,-11
TRUE,52.5,47,-5.5
FALSE,90,88,-2
FALSE,100,86,-14
FALSE,72.5,56,-16.5
TRUE,46.25,60,13.75
FALSE,91.25,72,-19.25
TRUE,46.25,41,-5.25
FALSE,30,7,-23
FALSE,63.75,38,-25.75
FALSE,73.75,80,6.25
TRUE,77.5,81,3.5
TRUE,80,85,5
TRUE,72.5,52,-20.5
FALSE,75,75,0
FALSE,38.75,12,-26.75
TRUE,75,69,-6
TRUE,75,92,17
FALSE,83.75,55,-28.75
TRUE,55,50,-5
FALSE,73.75,85,11.25
FALSE,92.5,85,-7.5
TRUE,50,23,-27
FALSE,32.5,21,-11.5
FALSE,66.25,65,-1.25
TRUE,43.75,18,-25.75
FALSE,97.5,80,-17.5
FALSE,82.5,89,6.5
FALSE,83.75,77,-6.75
FALSE,80,43,-37
TRUE,76.25,73,-3.25
TRUE,63.75,51,-12.75
FALSE,93.75,98,4.25
FALSE,78.75,93,14.25
FALSE,82.5,94,11.5
TRUE,75,43,-32
TRUE,46.25,50,3.75
TRUE,67.5,53,-14.5
TRUE,72.5,60,-12.5
TRUE,61.25,52,-9.25
FALSE,70,65,-5
FALSE,67.5,61,-6.5
FALSE,71.25,84,12.75
FALSE,72.5,80,7.5
FALSE,66.25,86,19.75
FALSE,77.5,74,-3.5
FALSE,87.5,91,3.5
FALSE,78.75,88,9.25
FALSE,65,75,10
FALSE,71.25,67,-4.25
FALSE,48.75,36,-12.75
FALSE,55,14,-41
TRUE,45,39,-6
TRUE,18.75,21,2.25
TRUE,63.75,83,19.25
FALSE,97.5,83,-14.5
FALSE,95,95,0
FALSE,92.5,87,-5.5
FALSE,91.25,88,-3.25
TRUE,43.75,36,-7.75
FALSE,37.5,25,-12.5
FALSE,78.75,78,-0.75
FALSE,63.75,70,6.25
FALSE,48.75,21,-27.75
FALSE,93.75,84,-9.75
FALSE,95,86,-9
FALSE,66.25,61,-5.25
TRUE,50,44,-6
FALSE,70,35,-35
FALSE,26.25,27,0.75
FALSE,76.25,64,-12.25
FALSE,80,81,1
FALSE,97.5,70,-27.5
FALSE,76.25,69,-7.25
FALSE,60,76,16
FALSE,88.75,78,-10.75
TRUE,68.75,52,-16.75
FALSE,67.5,58,-9.5
TRUE,60,45,-15
TRUE,52.5,40,-12.5
FALSE,75,76,1
FALSE,66.25,79,12.75
FALSE,75,71,-4
FALSE,87.5,81,-6.5
FALSE,53.75,37,-16.75
FALSE,56.25,39,-17.25
FALSE,58.75,38,-20.75
FALSE,58.75,44,-14.75
FALSE,63.75,47,-16.75
FALSE,25,31,6
FALSE,100,90,-10
FALSE,27.5,2,-25.5
TRUE,73.75,77.5,3.75
FALSE,83.75,56,-27.75
FALSE,43.75,27,-16.75
TRUE,82.5,84,1.5
FALSE,60,51,-9
TRUE,95,100,5
FALSE,76.25,68,-8.25
FALSE,88.75,46,-42.75
TRUE,57.5,62,4.5
TRUE,65,66,1
FALSE,25,15,-10
TRUE,73.75,84,10.25
FALSE,87.5,63,-24.5
FALSE,45,2,-43
FALSE,81.25,85,3.75
TRUE,50,35,-15
FALSE,52.5,41,-11.5
TRUE,80,74,-6
FALSE,41.25,17,-24.25
FALSE,53.75,77,23.25
TRUE,77.5,71,-6.5
FALSE,81.25,57,-24.25
FALSE,92.5,94,1.5
FALSE,98.75,94,-4.75
TRUE,18.75,15,-3.75
FALSE,32.5,18,-14.5
FALSE,72.5,71,-1.5
FALSE,100,90,-10
FALSE,81.25,90,8.75
TRUE,70,70,0
TRUE,65,64,-1
FALSE,100,82,-18
FALSE,72.5,63,-9.5
FALSE,73.75,57,-16.75
FALSE,55,32,-23
FALSE,61.25,51,-10.25
FALSE,87.5,70,-17.5
TRUE,58.75,39,-19.75
FALSE,77.5,76,-1.5
FALSE,70,75,5
FALSE,63.75,68,4.25
FALSE,100,100,0
FALSE,68.75,40,-28.75
FALSE,86.25,72,-14.25
TRUE,50,43,-7
FALSE,87.5,94,6.5
TRUE,65,61,-4
FALSE,80,97,17
FALSE,37.5,24,-13.5
TRUE,75,62,-13
FALSE,78.75,68,-10.75
FALSE,37.5,45,7.5
FALSE,90,72,-18
TRUE,53.75,77,23.25
FALSE,51.25,33,-18.25
FALSE,91.25,74,-17.25
FALSE,66.25,80,13.75
FALSE,88.75,76,-12.75
FALSE,82.5,84,1.5
FALSE,51.25,26,-25.25
FALSE,77.5,56,-21.5
FALSE,85,92,7
FALSE,67.5,53,-14.5
FALSE,58.75,36,-22.75
TRUE,45,14,-31
FALSE,40,30,-10
FALSE,78.75,91,12.25
TRUE,92.5,88,-4.5
FALSE,68.75,64,-4.75
FALSE,58.75,34,-24.75
FALSE,72.5,66,-6.5
TRUE,66.25,68,1.75
FALSE,85,68,-17
TRUE,72.5,37,-35.5
FALSE,78.75,67,-11.75
FALSE,61.25,39,-22.25
FALSE,71.25,75,3.75
FALSE,97.5,92,-5.5
FALSE,90,98,8
TRUE,35,23,-12
FALSE,95,95,0
FALSE,25,12,-13
FALSE,65,35,-30
TRUE,60,23,-37
FALSE,97.5,89,-8.5
FALSE,47.5,36,-11.5
TRUE,72.5,50,-22.5
TRUE,83.75,74,-9.75
FALSE,97.5,98,0.5
FALSE,75,66,-9
FALSE,90,79,-11
FALSE,92.5,92,-0.5
TRUE,68.75,88,19.25
FALSE,68.75,71,2.25
FALSE,81.25,76,-5.25
FALSE,83.75,72,-11.75
FALSE,66.25,42,-24.25
FALSE,75,65,-10
FALSE,73.75,26,-47.75
TRUE,83.75,76,-7.75
FALSE,66.25,84,17.75
TRUE,56.25,34,-22.25
FALSE,60,36,-24
FALSE,85,63,-22
FALSE,90,96,6
TRUE,41.25,51,9.75
FALSE,85,74,-11
FALSE,63.75,44,-19.75
FALSE,90,95,5
TRUE,53.75,76,22.25
FALSE,56.25,34,-22.25
FALSE,81.25,58,-23.25
FALSE,23.75,44,20.25
FALSE,68.75,82,13.25
TRUE,53.75,40,-13.75
FALSE,42.5,27,-15.5
FALSE,80,70,-10
FALSE,78.75,70,-8.75
FALSE,68.75,79,10.25
TRUE,35,19,-16
FALSE,100,90,-10
FALSE,77.5,49,-28.5
FALSE,77.5,67.5,-10
FALSE,100,91.5,-8.5
FALSE,86.25,84,-2.25
FALSE,93.75,95,1.25
FALSE,70,48,-22
FALSE,75,45,-30
FALSE,71.25,59,-12.25
FALSE,85,79,-6
FALSE,90,88,-2
TRUE,67.5,80,12.5
FALSE,78.75,96,17.25
TRUE,45,34,-11
FALSE,80,86,6
TRUE,70,61,-9
FALSE,93.75,81,-12.75
FALSE,66.25,51,-15.25
TRUE,80,70,-10
TRUE,32.5,21,-11.5
FALSE,70,45,-25
TRUE,36.25,43,6.75
FALSE,20,9,-11
FALSE,95,91,-4
FALSE,81.25,82,0.75
FALSE,65,60,-5
TRUE,63.75,51,-12.75
FALSE,17.5,21,3.5
FALSE,68.75,56,-12.75
FALSE,98.75,95,-3.75
FALSE,62.5,24,-38.5
FALSE,76.25,53,-23.25
FALSE,92.5,96,3.5
TRUE,66.25,37,-29.25
FALSE,86.25,79,-7.25
TRUE,80,70,-10
TRUE,75,47,-28
FALSE,61.25,47,-14.25
FALSE,23.75,7,-16.75
TRUE,80,32,-48
FALSE,55,42,-13
FALSE,82.5,79,-3.5
FALSE,93.75,89,-4.75
FALSE,80,84,4
TRUE,67.5,52,-15.5
FALSE,66.25,72,5.75
FALSE,62.5,41,-21.5
FALSE,77.5,73,-4.5
TRUE,60,55,-5
FALSE,65,67,2
FALSE,97.5,95,-2.5
FALSE,77.5,58,-19.5
FALSE,60,50.5,-9.5
FALSE,41.25,12,-29.25
FALSE,46.25,23,-23.25
TRUE,98.75,98,-0.75
FALSE,78.75,84,5.25
TRUE,71.25,42,-29.25
FALSE,88.75,68,-20.75
TRUE,85,77,-8
FALSE,86.25,86,-0.25
FALSE,41.25,27,-14.25
TRUE,77.5,76,-1.5
FALSE,93.75,74,-19.75
FALSE,87.5,90,2.5
FALSE,85,71,-14
FALSE,78.75,70,-8.75
FALSE,97.5,88,-9.5
FALSE,83.75,61,-22.75
TRUE,41.25,34,-7.25
FALSE,75,63,-12
FALSE,62.5,48,-14.5
FALSE,75,89,14
FALSE,66.25,58,-8.25
FALSE,41.25,29,-12.25
FALSE,92.5,90,-2.5
FALSE,61.25,56,-5.25
FALSE,73.75,58,-15.75
FALSE,75,79,4
TRUE,58.75,70,11.25
FALSE,68.75,64,-4.75
TRUE,65,44,-21
FALSE,67.5,56,-11.5
FALSE,92.5,85.5,-7
FALSE,98.75,87,-11.75
FALSE,28.75,18,-10.75
FALSE,46.25,16,-30.25
FALSE,58.75,55.5,-3.25
FALSE,76.25,53,-23.25
FALSE,98.75,94,-4.75
TRUE,57.5,41,-16.5
TRUE,61.25,37,-24.25
FALSE,71.25,46,-25.25
FALSE,100,100,0
TRUE,70,73,3
FALSE,67.5,67,-0.5
FALSE,85,89,4
TRUE,82.5,54,-28.5
FALSE,26.25,9,-17.25
FALSE,61.25,22,-39.25
TRUE,72.5,54,-18.5
TRUE,53.75,35,-18.75
TRUE,82.5,89,6.5
FALSE,80,78,-2
FALSE,100,87,-13
TRUE,56.25,52,-4.25
FALSE,83.75,98,14.25
FALSE,65,48,-17
TRUE,82.5,97,14.5
TRUE,77.5,65,-12.5
FALSE,67.5,60,-7.5
TRUE,68.75,46,-22.75
FALSE,43.75,22,-21.75
FALSE,31.25,56,24.75
TRUE,63.75,64,0.25
TRUE,35,72,37
FALSE,61.25,95,33.75
FALSE,78.75,65,-13.75
FALSE,95,87,-8
TRUE,50,23,-27
FALSE,78.75,70,-8.75
FALSE,98.75,94,-4.75
FALSE,71.25,73,1.75
FALSE,97.5,90,-7.5
TRUE,80,73,-7
FALSE,42.5,16,-26.5
FALSE,66.25,64,-2.25
TRUE,33.75,15,-18.75
FALSE,95,88,-7
FALSE,82.5,47,-35.5
TRUE,96.25,92,-4.25
FALSE,86.25,90,3.75
FALSE,65,78,13
FALSE,45,31,-14
FALSE,85,74,-11
FALSE,100,96,-4
TRUE,70,73,3
FALSE,76.25,78,1.75
FALSE,97.5,89,-8.5
FALSE,72.5,91,18.5
FALSE,15,12,-3
TRUE,90,83,-7
FALSE,78.75,90,11.25
FALSE,38.75,7,-31.75
FALSE,67.5,42,-25.5
TRUE,51.25,3,-48.25
FALSE,70,72,2
TRUE,75,61,-14
TRUE,68.75,89,20.25
FALSE,73.75,85,11.25
TRUE,62.5,42.5,-20
TRUE,53.75,28.5,-25.25
FALSE,85,80,-5
TRUE,83.75,76,-7.75
FALSE,62.5,65,2.5
TRUE,72.5,69,-3.5
FALSE,87.5,85,-2.5
FALSE,95,89,-6
FALSE,70,66.5,-3.5
TRUE,67.5,46,-21.5
FALSE,16.25,22,5.75
FALSE,56.25,56,-0.25
TRUE,56.25,48,-8.25
FALSE,73.75,87,13.25
FALSE,92.5,87,-5.5
FALSE,68.75,31,-37.75
FALSE,56.25,24.5,-31.75
FALSE,50,64,14
FALSE,62.5,71,8.5
FALSE,95,97,2
TRUE,56.25,53,-3.25
TRUE,57.5,49,-8.5
TRUE,82.5,90,7.5
FALSE,70,81,11
TRUE,58.75,70,11.25
FALSE,92.5,78,-14.5
FALSE,86.25,87,0.75
TRUE,75,46,-29
FALSE,95,85,-10
FALSE,90,82,-8
FALSE,68.75,26,-42.75
TRUE,78.75,49,-29.75
FALSE,90,72,-18
TRUE,57.5,65,7.5
TRUE,61.25,43,-18.25
FALSE,63.75,32,-31.75
FALSE,92.5,66,-26.5
TRUE,18.75,12,-6.75
TRUE,52.5,38,-14.5
FALSE,73.75,64,-9.75
FALSE,61.25,50,-11.25
FALSE,86.25,89,2.75
TRUE,80,97,17
FALSE,80,84,4
FALSE,72.5,71,-1.5
FALSE,62.5,66,3.5
FALSE,91.25,70,-21.25
FALSE,75,62,-13
FALSE,96.25,87,-9.25
FALSE,77.5,81,3.5
FALSE,71.25,57,-14.25
FALSE,100,98,-2
FALSE,98.75,93,-5.75
FALSE,57.5,37,-20.5
FALSE,77.5,97,19.5
TRUE,62.5,54,-8.5
TRUE,50,48,-2
FALSE,88.75,91,2.25
FALSE,91.25,78,-13.25
FALSE,62.5,64,1.5
FALSE,72.5,71,-1.5
FALSE,75,67,-8
FALSE,82.5,80,-2.5
FALSE,65,57,-8
TRUE,61.25,59,-2.25
TRUE,52.5,38,-14.5
FALSE,73.75,79,5.25
FALSE,80,76,-4
FALSE,65,53,-12
TRUE,71.25,70.5,-0.75
TRUE,67.5,46.5,-21
TRUE,27.5,65,37.5
FALSE,75,54,-21
FALSE,76.25,83,6.75
FALSE,70,56,-14
FALSE,98.75,92,-6.75
FALSE,60,40,-20
TRUE,51.25,24,-27.25
TRUE,63.75,55,-8.75
FALSE,95,97,2
FALSE,75,83,8
FALSE,80,44,-36
FALSE,70,42,-28
FALSE,67.5,32,-35.5
FALSE,65,45,-20
FALSE,98.75,100,1.25
FALSE,77.5,75,-2.5
FALSE,96.25,72,-24.25
FALSE,63.75,54,-9.75
FALSE,57.5,35,-22.5
FALSE,76.25,45,-31.25
TRUE,75,84,9
FALSE,81.25,83,1.75
FALSE,37.5,15,-22.5
FALSE,70,29,-41
FALSE,77.5,55,-22.5
FALSE,47.5,52,4.5
FALSE,85,73,-12
FALSE,52.5,67,14.5
FALSE,82.5,67,-15.5
TRUE,45,30,-15
FALSE,97.5,76,-21.5
FALSE,50,28,-22
FALSE,100,94,-6
FALSE,70,58,-12
FALSE,77.5,76,-1.5
TRUE,78.75,58,-20.75
TRUE,72.5,83,10.5
FALSE,73.75,83,9.25
TRUE,85,82,-3
FALSE,56.25,40,-16.25
FALSE,65,44.5,-20.5
TRUE,78.75,74,-4.75
TRUE,25,19,-6
FALSE,73.75,48,-25.75
FALSE,72.5,58,-14.5
FALSE,77.5,92,14.5
TRUE,75,94,19
FALSE,73.75,85,11.25
FALSE,75,77,2
FALSE,33.75,30,-3.75
FALSE,71.25,35,-36.25
TRUE,51.25,22,-29.25
TRUE,60,50,-10
FALSE,87.5,68,-19.5
FALSE,30,29,-1
TRUE,65,82,17
FALSE,100,81,-19
FALSE,65,74,9
FALSE,73.75,65,-8.75
TRUE,31.25,20,-11.25
FALSE,100,99,-1
FALSE,82.5,67,-15.5
FALSE,61.25,64,2.75
FALSE,73.75,50,-23.75
FALSE,77.5,77,-0.5
FALSE,62.5,44,-18.5
FALSE,90,88,-2
FALSE,65,62.5,-2.5
TRUE,28.75,17,-11.75
FALSE,85,87,2
TRUE,55,35,-20
TRUE,57.5,64,6.5
FALSE,78.75,65,-13.75
FALSE,88.75,75,-13.75
FALSE,46.25,52,5.75
TRUE,30,27,-3
FALSE,85,53,-32
FALSE,28.75,11,-17.75
FALSE,87.5,90,2.5
FALSE,97.5,92,-5.5
FALSE,73.75,60,-13.75
TRUE,71.25,62,-9.25
TRUE,60,55,-5
TRUE,68.75,59,-9.75
FALSE,95,94,-1
FALSE,77.5,73,-4.5
FALSE,20,19,-1
FALSE,92.5,80,-12.5
FALSE,51.25,52,0.75
TRUE,71.25,69,-2.25
TRUE,65,43,-22
FALSE,50,18,-32
FALSE,65,60,-5
FALSE,82.5,86,3.5
FALSE,93.75,93,-0.75
TRUE,90,89,-1
TRUE,68.75,99,30.25
FALSE,100,94,-6
TRUE,78.75,60,-18.75
FALSE,100,98,-2
FALSE,56.25,51,-5.25
TRUE,50,38,-12
FALSE,66.25,31,-35.25
FALSE,92.5,91,-1.5
FALSE,65,54,-11
FALSE,70,69,-1
FALSE,100,99,-1
FALSE,61.25,38,-23.25
TRUE,81.25,98,16.75
FALSE,91.25,83,-8.25
TRUE,50,72,22
FALSE,40,21,-19
TRUE,61.25,39,-22.25
FALSE,88.75,80,-8.75
FALSE,77.5,79,1.5
FALSE,98.75,95,-3.75
FALSE,78.75,68,-10.75
TRUE,56.25,31,-25.25
FALSE,45,23,-22
FALSE,97.5,100,2.5
TRUE,62.5,71,8.5
FALSE,95,92,-3
FALSE,85,97,12
FALSE,80,74,-6
TRUE,47.5,31.5,-16
FALSE,100,100,0
FALSE,96.25,87,-9.25
TRUE,75,87,12
FALSE,68.75,49,-19.75
TRUE,65,66,1
TRUE,76.25,69,-7.25
FALSE,72.5,71,-1.5
FALSE,72.5,46,-26.5
TRUE,65,44,-21
TRUE,60,69,9
FALSE,75,49,-26
FALSE,57.5,28,-29.5
TRUE,63.75,66,2.25
TRUE,75,64,-11
FALSE,78.75,89,10.25
TRUE,60,48,-12
TRUE,48.75,37,-11.75
TRUE,41.25,29,-12.25
FALSE,85,79,-6
FALSE,46.25,20,-26.25
TRUE,92.5,85,-7.5
FALSE,82.5,64,-18.5
FALSE,70,47,-23
FALSE,95,100,5
TRUE,61.25,45.5,-15.75
FALSE,70,89,19
FALSE,70,33,-37
FALSE,68.75,72,3.25
FALSE,90,100,10
TRUE,68.75,83,14.25
FALSE,76.25,69,-7.25
FALSE,76.25,77,0.75
FALSE,86.25,79,-7.25
TRUE,76.25,49,-27.25
TRUE,78.75,57.5,-21.25
FALSE,77.5,81,3.5
TRUE,60,49,-11
FALSE,31.25,19,-12.25
FALSE,80,90,10
FALSE,68.75,66,-2.75
FALSE,98.75,89,-9.75
FALSE,61.25,54,-7.25
FALSE,92.5,95,2.5
TRUE,72.5,72,-0.5
TRUE,70,67,-3
TRUE,62.5,49,-13.5
FALSE,85,70,-15
FALSE,86.25,72,-14.25
FALSE,85,49,-36
FALSE,58.75,42,-16.75
FALSE,82.5,64,-18.5
FALSE,80,84,4
TRUE,73.75,52,-21.75
FALSE,83.75,70,-13.75
FALSE,72.5,76,3.5
FALSE,82.5,64,-18.5
FALSE,58.75,51,-7.75
TRUE,57.5,73,15.5
FALSE,87.5,70,-17.5
FALSE,85,96,11
FALSE,75,70,-5
FALSE,82.5,43,-39.5
TRUE,48.75,28,-20.75
TRUE,60,40,-20
FALSE,71.25,37,-34.25
TRUE,72.5,51,-21.5
FALSE,41.25,17,-24.25
TRUE,75,97,22
FALSE,97.5,88,-9.5
FALSE,95,85,-10
TRUE,58.75,18,-40.75
FALSE,55,41,-14
FALSE,68.75,76,7.25
TRUE,58.75,35,-23.75
FALSE,38.75,53,14.25
FALSE,76.25,79,2.75
FALSE,67.5,59,-8.5
FALSE,97.5,86,-11.5
FALSE,82.5,49,-33.5
TRUE,50,27,-23
FALSE,60,53,-7
TRUE,61.25,48,-13.25
FALSE,92.5,98,5.5
FALSE,86.25,87,0.75
FALSE,97.5,91,-6.5
FALSE,81.25,92,10.75
FALSE,90,81,-9
FALSE,93.75,81,-12.75
FALSE,65,42,-23
TRUE,70,68,-2
FALSE,66.25,53,-13.25
TRUE,82.5,65,-17.5
FALSE,68.75,82,13.25
TRUE,76.25,87,10.75
TRUE,70,47,-23
TRUE,72.5,55,-17.5
TRUE,66.25,56,-10.25
FALSE,23.75,23,-0.75
FALSE,52.5,33,-19.5
FALSE,68.75,49,-19.75
FALSE,81.25,70,-11.25
FALSE,72.5,25,-47.5
FALSE,51.25,23,-28.25
FALSE,58.75,42,-16.75
FALSE,48.75,22.5,-26.25
FALSE,57.5,57,-0.5
FALSE,78.75,69,-9.75
FALSE,100,80,-20
FALSE,53.75,51,-2.75
TRUE,70,59,-11
FALSE,95,84,-11
TRUE,82.5,60,-22.5
FALSE,70,57,-13
FALSE,70,51,-19
TRUE,82.5,97,14.5
FALSE,81.25,84,2.75
FALSE,76.25,36,-40.25
TRUE,91.25,82,-9.25
FALSE,71.25,48,-23.25
FALSE,87.5,77,-10.5
FALSE,73.75,81,7.25
FALSE,76.25,61,-15.25
FALSE,100,95,-5
TRUE,80,76,-4
FALSE,93.75,90,-3.75
TRUE,57.5,48,-9.5
FALSE,52.5,21,-31.5
FALSE,90,96,6
FALSE,53.75,68,14.25
TRUE,76.25,60,-16.25
FALSE,100,96,-4
